,len_before_processing,len_after_processing
0,1429,1063
1,1252,865
2,1355,960
3,1364,1000
4,1354,930
5,1782,1261
6,2070,1459
7,1796,1341
8,844,598
9,1988,1328
10,1322,953
11,1841,1366
12,1353,988
13,1291,838
14,1778,1315
15,1478,1027
16,1564,1148
17,794,550
18,2161,1520
19,1608,1090
20,2075,1395
21,1401,917
22,1691,1187
23,1588,1098
24,1639,1150
25,1850,1270
26,1200,899
27,1873,1319
28,1609,1112
29,1702,1243
30,1375,930
31,1992,1437
32,1069,754
33,1152,757
34,1388,965
35,1670,1169
36,1521,1093
37,1395,843
38,1462,1056
39,1600,1117
40,2430,1608
41,1310,982
42,1862,1277
43,1740,1314
44,1357,932
45,1258,932
46,1363,910
47,1713,1117
48,1182,788
49,1473,977
50,1122,798
51,1851,1272
52,1729,1129
53,1255,910
54,1663,1070
55,1547,1083
56,2320,1471
57,1667,1171
58,1997,1147
59,1979,1369
60,1072,716
61,634,433
62,1404,963
63,1570,1148
64,1516,1071
65,1495,997
66,1653,1199
67,1599,1121
68,1482,1046
69,1329,928
70,1443,1006
71,1615,1151
72,1601,1219
73,2140,1542
74,2224,1514
75,1478,1060
76,2325,1667
77,3777,2695
78,2797,2086
79,1493,948
80,1586,1107
81,1744,1197
82,2224,1567
83,2187,1608
84,1978,1339
85,1865,1370
86,1586,1064
87,1535,943
88,1492,1072
89,1828,1370
90,1206,758
91,1576,1091
92,1526,1137
93,1660,1026
94,1682,1079
95,2279,1578
96,1929,1334
97,2194,1551
98,1899,1363
99,1585,1088
100,2394,1536
101,1987,1458
102,1506,1086
103,3702,2549
104,2915,2047
105,2450,1683
106,2815,2144
107,2595,1799
108,2422,1662
109,2751,1806
110,1957,1306
111,1836,1335
112,1996,1403
113,2234,1575
114,1775,1256
115,1446,1014
116,1447,961
117,1600,1045
118,1478,806
119,1521,1055
120,1628,1107
121,1455,995
122,1912,1295
123,2201,1533
124,2109,1527
125,2028,1424
126,592,432
127,2166,1511
128,1729,1241
129,1240,860
130,1590,1080
131,2069,1444
132,1999,1405
133,2058,1434
134,1760,1155
135,1711,1259
136,1474,1076
137,1584,1046
138,2034,1372
139,1840,1310
140,2145,1513
141,1568,990
142,1744,1278
143,525,366
144,2080,1391
145,1282,926
146,1763,1252
147,1096,717
148,1412,984
149,1067,751
150,1622,1036
151,1512,1086
152,1551,1076
153,1489,1042
154,1502,1102
155,1559,1075
156,1998,1432
157,2229,1549
158,2402,1591
159,2334,1608
160,1888,1212
161,2084,1537
162,2283,1446
163,1848,1344
164,701,531
165,2413,1753
166,1547,1132
167,1620,1183
168,1390,988
169,1640,1213
170,1789,1307
171,1541,984
172,1548,1078
173,1649,1108
174,1656,1133
175,1645,1045
176,1343,905
177,1855,1306
178,1825,1309
179,1998,1464
180,1046,764
181,1300,917
182,1851,1299
183,1077,790
184,2521,1710
185,1538,1141
186,1971,1324
187,1271,935
188,1968,1415
189,2027,1376
190,970,741
191,1479,1043
192,2600,1760
193,986,717
194,1039,824
195,1890,1354
196,2335,1528
197,2040,1428
198,1500,1035
199,1850,1280
200,3513,2233
201,1785,1282
202,1838,1260
203,2189,1612
204,1312,898
205,1800,1215
206,1532,1129
207,2476,1782
208,2158,1489
209,1626,1158
210,1623,1178
211,857,601
212,1370,934
213,1077,779
214,1242,882
215,1619,1072
216,1029,755
217,1456,1068
218,1680,1140
219,1737,1222
220,1068,744
221,1138,759
222,1323,851
223,1424,1006
224,1183,835
225,788,564
226,1539,1020
227,976,741
228,798,593
229,1108,812
230,1142,795
231,415,334
232,869,576
233,1259,821
234,1505,974
235,1020,774
236,1065,749
237,667,505
238,1945,1468
239,1234,902
240,1719,1198
241,1481,996
242,1775,1266
243,1279,920
244,1671,1164
245,1815,1208
246,1785,1322
247,1538,1073
248,1535,1097
249,1613,1084
250,1639,1172
251,1709,1168
252,1776,1280
253,1579,1155
254,1720,1134
255,1609,1172
256,1031,729
257,1289,911
258,1570,1078
259,691,499
260,676,472
261,1695,1208
262,458,340
263,662,516
264,2030,1395
265,1886,1227
266,1334,840
267,2728,1720
268,444,340
269,2264,1536
270,376,280
271,1840,1250
272,1047,699
273,1194,842
274,1681,1181
275,422,337
276,413,278
277,1891,1251
278,1604,1091
279,341,280
280,1312,907
281,960,672
282,2066,1483
283,1809,1347
284,715,520
285,1080,795
286,384,317
287,1785,1291
288,1822,1283
289,1657,1143
290,1615,1137
291,1412,1063
292,1741,1276
293,1692,1127
294,1693,1173
295,914,620
296,803,553
297,1629,1127
298,1450,926
299,1368,963
300,1826,1231
301,1038,715
302,1205,867
303,860,617
304,1499,946
305,1607,1099
306,927,741
307,1632,1178
308,1529,1053
309,1381,989
310,1533,1108
311,739,533
312,1499,1080
313,1473,978
314,1508,1061
315,1069,733
316,1609,1175
317,1685,1256
318,1440,979
319,1678,1133
320,1708,1169
321,1515,952
322,1743,1246
323,1488,1089
324,1866,1353
325,1764,1291
326,3121,2202
327,2939,2031
328,1689,1190
329,1061,709
330,1537,1031
331,1642,1099
332,1798,1249
333,1556,1024
334,1345,972
335,1602,1162
336,1663,988
337,1524,1126
338,1416,987
339,811,562
340,1810,1293
341,1600,1117
342,1850,1231
343,1931,1360
344,1413,987
345,1363,881
346,1428,995
347,1379,932
348,1519,1075
349,852,625
350,528,411
351,1304,874
352,1475,1112
353,1480,1083
354,1491,996
355,1216,907
356,1126,796
357,1266,848
358,514,393
359,1437,1021
360,1173,848
361,451,344
362,1416,970
363,1221,908
364,1485,1106
365,1256,910
366,1516,1134
367,773,565
368,740,577
369,1490,1055
370,1407,975
371,1210,848
372,861,652
373,1320,887
374,1356,941
375,1427,1048
376,1433,1077
377,1118,774
378,786,571
379,439,292
380,1202,786
381,531,390
382,1432,996
383,1313,890
384,876,607
385,1446,1017
386,1473,1106
387,714,532
388,1260,848
389,1397,920
390,1055,768
391,1371,995
392,1979,1409
393,1435,973
394,1625,1115
395,1345,875
396,1546,1010
397,1511,1010
398,1432,931
399,1333,993
400,1688,1106
401,1355,977
402,1352,804
403,1490,1028
404,1357,957
405,1610,1103
406,1321,912
407,1616,1052
408,1464,1028
409,1642,1161
410,1408,961
411,1368,978
412,1562,1142
413,1452,922
414,1483,935
415,1424,941
416,1401,933
417,1692,1158
418,1594,1181
419,1925,1357
420,1429,1063
421,1693,1261
422,1402,960
423,2277,1538
424,1212,853
425,1249,879
426,1317,979
427,1026,712
428,2002,1457
429,2344,1741
430,2321,1686
431,1727,1250
432,1308,913
433,2190,1458
434,1126,820
435,1166,833
436,2679,1945
437,2121,1479
438,2187,1523
439,1923,1281
440,3334,2351
441,2120,1416
442,1784,1221
443,2181,1537
444,1286,912
445,2684,1860
446,1709,1263
447,831,645
448,1307,954
449,735,528
450,1589,1069
451,1557,1092
452,1397,988
453,1577,1043
454,1689,1153
455,1347,750
456,1625,1156
457,1772,1256
458,1534,926
459,1626,1130
460,1474,1095
461,1433,1036
462,1374,964
463,2277,1628
464,1321,934
465,1492,1066
466,1812,1279
467,2210,1568
468,1271,951
469,2466,1753
470,1645,1198
471,1303,854
472,1606,1119
473,2459,1747
474,2903,2005
475,1598,1164
476,2010,1384
477,2018,1430
478,2050,1469
479,1749,1246
480,2126,1498
481,1483,1045
482,1655,1116
483,1542,1041
484,1332,893
485,1518,1016
486,1574,1127
487,1658,1084
488,1404,990
489,1467,1006
490,1416,1010
491,1681,1185
492,1443,961
493,1008,732
494,1727,1150
495,1094,762
496,2462,1704
497,1700,1271
498,1977,1413
499,479,338
500,1639,1116
501,1485,1013
502,1580,1175
503,1944,1367
504,1254,903
505,2080,1455
506,1853,1251
507,1544,1103
508,1705,1051
509,1779,1258
510,1488,968
511,548,403
512,826,636
513,1128,836
514,493,366
515,811,583
516,1370,866
517,1410,1041
518,658,459
519,880,641
520,1417,1042
521,1661,1186
522,894,659
523,1726,1224
524,901,645
525,1027,723
526,1506,968
527,1804,1336
528,1699,1187
529,1689,1151
530,1652,1027
531,1611,1117
532,1410,1044
533,1611,1056
534,1713,1231
535,1567,1119
536,1579,1039
537,1565,1096
538,1401,949
539,1674,1138
540,1577,931
541,2117,1381
542,3236,2213
543,1949,1449
544,1653,1197
545,2126,1459
546,1230,882
547,1492,1044
548,1597,1079
549,2948,2084
550,1753,1220
551,1544,953
552,2793,1919
553,2283,1565
554,2964,2176
555,1793,1236
556,1396,1004
557,1725,1238
558,1928,1322
559,532,380
560,2340,1639
561,2218,1541
562,1371,984
563,1876,1264
564,1044,780
565,1831,1359
566,1562,1122
567,2707,1850
568,1641,1127
569,1930,1302
570,1409,918
571,1446,1041
572,1525,1001
573,1748,1275
574,1556,1062
575,2064,1541
576,1514,1006
577,1757,1185
578,1572,1122
579,1534,1091
580,1937,1385
581,1377,975
582,1407,1023
583,1881,1311
584,1764,1216
585,2023,1410
586,1899,1261
587,2044,1487
588,2135,1483
589,1873,1270
590,1788,1169
591,1141,820
592,2018,1387
593,1991,1370
594,2284,1634
595,1878,1323
596,2076,1378
597,2214,1493
598,1755,1282
599,2322,1652
600,2559,1897
601,1498,1080
602,661,454
603,1582,1173
604,2281,1579
605,2811,1953
606,2076,1498
607,1628,1052
608,2120,1468
609,2233,1584
610,1902,1209
611,2736,1919
612,1600,1128
613,1633,1108
614,1413,1051
615,1655,1147
616,1644,1051
617,1350,941
618,1397,884
619,1484,1035
620,1622,1168
621,1480,1078
622,1706,1172
623,1933,1437
624,1176,891
625,1922,1403
626,1353,886
627,1846,1202
628,1224,902
629,1564,917
630,2194,1578
631,1735,1101
632,1086,772
633,1889,1306
634,2002,1458
635,1346,951
636,1416,1003
637,926,659
638,862,654
639,1223,874
640,1401,993
641,1400,968
642,1321,965
643,1353,933
644,1517,1105
645,1492,1081
646,1482,1027
647,1352,906
648,443,336
649,1461,1062
650,1149,710
651,1388,964
652,1364,977
653,1338,966
654,2077,1455
655,1542,1082
656,435,325
657,1193,919
658,1285,872
659,1267,897
660,872,545
661,1313,954
662,1405,1059
663,1293,937
664,1431,993
665,2238,1578
666,1453,997
667,661,490
668,1131,776
669,1614,1091
670,514,395
671,1423,983
672,1499,1114
673,2049,1339
674,1441,1037
675,1152,776
676,1445,1055
677,1159,774
678,1166,853
679,818,583
680,1305,782
681,1508,1117
682,1462,1007
683,1562,1125
684,1276,900
685,955,688
686,1636,1175
687,1219,856
688,1322,958
689,875,518
690,907,607
691,1308,887
692,1327,942
693,1608,1198
694,1476,1091
695,517,361
696,486,295
697,475,364
698,470,359
699,1436,1012
700,1851,1201
701,2341,1671
702,690,504
703,656,433
704,1665,1183
705,2321,1640
706,1567,1055
707,2493,1714
708,1846,1237
709,683,502
710,1641,983
711,556,425
712,1068,701
713,690,452
714,1593,1139
715,554,414
716,694,504
717,1849,1322
718,557,362
719,1391,972
720,859,612
721,554,399
722,2265,1552
723,1648,1149
724,368,253
725,376,284
726,1815,1278
727,374,308
728,1700,1038
729,314,267
730,1482,1115
731,1342,937
732,354,255
733,591,411
734,727,593
735,605,460
736,926,667
737,1112,689
738,404,276
739,2296,1638
740,403,275
741,1576,1108
742,1938,1343
743,1767,1253
744,1681,1094
745,1855,1354
746,1676,1142
747,1547,1154
748,1621,1084
749,1462,1067
750,1865,1225
751,1342,961
752,1383,834
753,1517,1018
754,941,693
755,1596,1188
756,1851,1404
757,1598,1107
758,1507,1076
759,1332,947
760,1986,1384
761,1329,934
762,1542,1029
763,1876,1309
764,1563,1120
765,1390,1039
766,1902,1311
767,1839,1283
768,1656,1188
769,1544,1138
770,1476,1088
771,1533,1067
772,1548,1077
773,1542,1088
774,1321,889
775,1470,983
776,1649,1143
777,1821,1313
778,1620,1205
779,1511,1067
780,1225,773
781,1394,1019
782,1619,1135
783,1251,835
784,1335,934
785,1774,1284
786,2106,1428
787,1749,1196
788,1620,1095
789,1772,1346
790,957,711
791,1885,1302
792,1059,734
793,1477,990
794,1806,1273
795,1694,1244
796,1597,1151
797,1474,1002
798,1007,705
799,1331,908
800,947,641
801,2012,1374
802,2022,1469
803,1351,950
804,1671,1126
805,2038,1476
806,1954,1316
807,2097,1464
808,2123,1593
809,2186,1524
810,1908,1317
811,561,362
812,1717,1239
813,1890,1360
814,2037,1450
815,1901,1307
816,1655,1192
817,1016,706
818,2072,1458
819,1406,975
820,2004,1386
821,2131,1487
822,1622,1138
823,1681,1163
824,1853,1328
825,2062,1430
826,1401,975
827,1844,1265
828,2096,1429
829,1277,869
830,2047,1374
831,1634,1158
832,1611,1118
833,1681,1211
834,1556,982
835,1463,1060
836,1467,1027
837,1466,1023
838,787,575
839,1098,772
840,1523,1054
841,642,498
842,1748,1269
843,738,521
844,844,575
845,1101,733
846,2065,1448
847,1258,865
848,1768,1302
849,2011,1479
850,679,512
851,1676,1179
852,697,511
853,586,440
854,1585,1063
855,1640,1115
856,1535,1114
857,1460,982
858,1428,1064
859,2111,1449
860,1467,1096
861,2162,1454
862,1427,1079
863,1546,1064
864,1273,878
865,1324,937
866,1454,891
867,2071,1387
868,1601,972
869,1688,1201
870,1733,1219
871,1566,1011
872,2021,1433
873,1814,1328
874,1773,1234
875,1264,903
876,1362,974
877,2013,1434
878,1692,1186
879,1279,927
880,1349,1017
881,1100,832
882,1223,832
883,1852,1379
884,1688,1210
885,1521,968
886,1844,1300
887,1603,1123
888,1038,795
889,719,500
890,356,244
891,1896,1385
892,1721,1253
893,1738,1282
894,1419,1001
895,1481,993
896,973,712
897,1599,1101
898,1475,1070
899,1749,1260
900,1788,1332
901,1904,1419
902,1402,968
903,1490,1037
904,445,316
905,1098,733
906,1501,1041
907,577,417
908,1178,809
909,1073,709
910,1501,1073
911,1540,1081
912,618,392
913,593,422
914,1112,796
915,951,636
916,499,323
917,639,479
918,853,631
919,1489,1062
920,1058,782
921,1816,1294
922,2066,1492
923,963,718
924,547,379
925,668,456
926,821,544
927,1700,1291
928,1843,1381
929,480,319
930,771,541
931,949,633
932,1897,1280
933,1484,1020
934,1826,1305
935,829,589
936,1262,908
937,1428,977
938,1411,1054
939,1725,1181
940,1867,1378
941,4806,3321
942,1666,1213
943,1453,1017
944,1221,857
945,1597,1089
946,1472,1090
947,1960,1369
948,2067,1385
949,836,575
950,478,346
951,1788,1283
952,292,232
953,985,706
954,1405,987
955,1748,1264
956,2184,1578
957,1912,1319
958,2169,1470
959,2040,1480
960,1817,1187
961,1656,1137
962,2173,1551
963,1518,1132
964,1259,809
965,1567,1135
966,1830,1267
967,616,400
968,500,368
969,489,380
970,540,390
971,782,557
972,381,307
973,1236,879
974,1773,1237
975,1134,824
976,455,295
977,1397,1013
978,1188,875
979,1408,977
980,1645,1131
981,1402,1033
982,1392,1001
983,1212,872
984,1409,972
985,707,544
986,1534,1143
987,1110,786
988,438,343
989,745,553
990,1405,982
991,1379,1008
992,1241,919
993,1807,1300
994,1491,1047
995,1747,1141
996,1493,962
997,1494,1041
998,1687,1126
999,1571,1002
1000,1687,1188
1001,1312,943
1002,1283,902
1003,1581,1118
1004,631,445
1005,1283,931
1006,1664,1121
1007,1080,798
1008,2200,1574
1009,1625,1168
1010,1865,1296
1011,1470,1030
1012,2493,1735
1013,2052,1497
1014,1562,1121
1015,1880,1273
1016,1388,942
1017,1421,1003
1018,1577,1107
1019,1390,1068
1020,1609,1165
1021,1767,1230
1022,1418,959
1023,498,353
1024,1280,811
1025,1562,1166
1026,1343,930
1027,919,704
1028,1285,921
1029,1701,1128
1030,1508,1044
1031,1480,1100
1032,1382,951
1033,906,639
1034,1127,753
1035,1444,1017
1036,945,689
1037,1235,852
1038,1436,992
1039,325,241
1040,1089,733
1041,1299,855
1042,413,318
1043,1459,1023
1044,733,507
1045,547,427
1046,1224,813
1047,1356,938
1048,1091,776
1049,1309,971
1050,1801,1244
1051,318,249
1052,1411,971
1053,1430,928
1054,240,173
1055,460,319
1056,1307,865
1057,1120,797
1058,1609,1160
1059,1435,963
1060,1374,961
1061,1072,723
1062,1481,1070
1063,1685,1289
1064,1448,1073
1065,1556,1143
1066,1574,1133
1067,1181,862
1068,686,473
1069,1361,968
1070,1453,993
1071,1756,1225
1072,567,416
1073,938,635
1074,1433,1002
1075,1532,1075
1076,324,259
1077,1372,999
1078,1942,1407
1079,1552,1021
1080,1697,1170
1081,1756,1206
1082,1748,1268
1083,1821,1363
1084,1323,894
1085,1628,1146
1086,1584,1103
1087,1135,761
1088,1658,1198
1089,1564,1127
1090,1487,1019
1091,1962,1315
1092,1102,753
1093,1954,1536
1094,1815,1205
1095,1645,1150
1096,1637,1150
1097,1688,1235
1098,1874,1253
1099,407,326
1100,1732,1203
1101,573,394
1102,466,370
1103,1572,1102
1104,366,285
1105,387,313
1106,1328,885
1107,2004,1310
1108,544,387
1109,1872,1246
1110,1547,994
1111,972,664
1112,697,501
1113,786,550
1114,543,396
1115,1711,1118
1116,1185,786
1117,673,481
1118,565,403
1119,1821,1282
1120,1650,1103
1121,1185,748
1122,1204,822
1123,1774,1306
1124,1542,1133
1125,1623,1089
1126,1277,914
1127,1397,949
1128,1774,1293
1129,1563,1094
1130,1740,1256
1131,1330,873
1132,1456,1016
1133,1460,979
1134,1547,1150
1135,1576,1065
1136,1573,1108
1137,407,263
1138,342,289
1139,1127,791
1140,3152,2283
1141,1976,1415
1142,1304,947
1143,970,830
1144,1887,1290
1145,1050,733
1146,1226,888
1147,1058,745
1148,1617,1177
1149,487,376
1150,686,493
1151,728,481
1152,334,292
1153,1058,724
1154,640,556
1155,544,459
1156,1936,1285
1157,356,267
1158,1300,903
1159,393,282
1160,1438,998
1161,538,374
1162,850,600
1163,722,476
1164,1334,898
1165,997,740
1166,854,601
1167,911,604
1168,503,349
1169,1587,1169
1170,1179,797
1171,1337,883
1172,644,484
1173,1504,1070
1174,1225,877
1175,1274,912
1176,1279,1001
1177,1481,1037
1178,1359,837
1179,1010,713
1180,699,550
1181,554,341
1182,1335,937
1183,600,456
1184,1600,1173
1185,1566,1129
1186,650,467
1187,1857,1337
1188,1517,1109
1189,1334,909
1190,729,533
1191,1618,1101
1192,598,413
1193,972,684
1194,1349,978
1195,1745,1273
1196,795,586
1197,1744,1250
1198,1061,719
1199,1710,1211
1200,1919,1432
1201,711,497
1202,2025,1354
1203,1370,875
1204,1446,985
1205,1901,1263
1206,1089,803
1207,1286,933
1208,2134,1390
1209,1452,1026
1210,1666,1200
1211,1479,1084
1212,1836,1118
1213,1245,827
1214,1691,996
1215,1639,1159
1216,1627,1090
1217,1850,1209
1218,1601,1094
1219,2399,1622
1220,4058,2896
1221,1881,1318
1222,1744,1219
1223,1592,1249
1224,986,690
1225,1726,1204
1226,1321,954
1227,1704,1148
1228,1362,907
1229,1921,1366
1230,1524,1080
1231,727,504
1232,1397,968
1233,1391,1004
1234,1053,725
1235,1509,1110
1236,1469,1093
1237,1476,1041
1238,1295,932
1239,449,353
1240,1590,1200
1241,1159,864
1242,822,582
1243,1139,824
1244,473,362
1245,1484,1091
1246,1319,924
1247,2612,1704
1248,2138,1662
1249,468,359
1250,1214,842
1251,1091,758
1252,1606,1099
1253,1446,1038
1254,1577,1035
1255,1496,1030
1256,1709,1199
1257,1438,969
1258,1430,956
1259,1879,1280
1260,1923,1401
1261,1709,1237
1262,757,514
1263,1988,1390
1264,1881,1365
1265,1975,1335
1266,1509,1119
1267,1300,913
1268,2075,1532
1269,1636,1196
1270,943,674
1271,1742,1264
1272,1249,898
1273,1803,1230
1274,1712,1054
1275,1560,1075
1276,1823,1221
1277,1498,1073
1278,862,620
1279,688,471
1280,1343,861
1281,1668,1106
1282,1282,891
1283,1518,1066
1284,610,441
1285,860,608
1286,873,576
1287,444,298
1288,620,455
1289,994,703
1290,642,487
1291,1674,1129
1292,1487,1072
1293,1288,945
1294,613,397
1295,760,521
1296,996,759
1297,644,434
1298,605,434
1299,1625,1192
1300,687,510
1301,1229,873
1302,502,390
1303,1114,843
1304,1559,975
1305,1819,1320
1306,1392,911
1307,1343,1035
1308,1655,1189
1309,1790,1331
1310,1621,1035
1311,1616,1116
1312,1344,934
1313,1035,748
1314,1775,1095
1315,1423,998
1316,1618,1103
1317,1504,1106
1318,1558,1032
1319,1622,1041
1320,1594,1053
1321,1635,1098
1322,1310,912
1323,592,421
1324,612,456
1325,1578,1098
1326,1534,1161
1327,1336,923
1328,1490,1080
1329,1336,894
1330,1483,1081
1331,440,328
1332,1504,1074
1333,1391,955
1334,562,387
1335,1493,1109
1336,1731,1112
1337,642,483
1338,1397,955
1339,1601,1172
1340,893,639
1341,1877,1271
1342,1863,1280
1343,1638,1193
1344,983,753
1345,1598,1063
1346,1545,1123
1347,3090,1999
1348,2385,1650
1349,845,634
1350,629,481
1351,1729,1165
1352,1696,1215
1353,1586,1129
1354,1586,1078
1355,1550,1053
1356,1670,1166
1357,1717,1245
1358,1511,1112
1359,1672,1174
1360,1367,937
1361,2109,1507
1362,1793,1265
1363,1759,1215
1364,1437,953
1365,1638,1109
1366,1515,1020
1367,1621,1094
1368,1514,1049
1369,1439,1022
1370,1434,1029
1371,1461,1048
1372,1639,1116
1373,610,428
1374,1605,1029
1375,1158,845
1376,1674,1238
1377,1773,1214
1378,1604,1150
1379,1310,994
1380,1577,1106
1381,1326,1014
1382,1358,940
1383,2894,1996
1384,1679,1185
1385,1886,1285
1386,2352,1661
1387,3411,2372
1388,1428,1017
1389,2629,1692
1390,2169,1459
1391,1488,1088
1392,3299,2276
1393,2644,1757
1394,1407,1020
1395,1586,1059
1396,1447,1119
1397,526,392
1398,1109,778
1399,404,315
1400,850,644
1401,592,421
1402,1200,832
1403,993,728
1404,1279,887
1405,719,483
1406,503,396
1407,532,416
1408,599,439
1409,1167,793
1410,1372,932
1411,1304,974
1412,1457,1032
1413,1170,848
1414,519,383
1415,1251,904
1416,1365,987
1417,1508,1166
1418,1092,720
1419,1438,990
1420,1256,931
1421,749,541
1422,1434,980
1423,1360,987
1424,448,305
1425,1434,1002
1426,433,325
1427,1886,1284
1428,1673,1147
1429,1386,865
1430,1416,960
1431,1263,858
1432,1530,1065
1433,1452,1033
1434,1562,1116
1435,1417,995
1436,1487,1082
1437,1739,1213
1438,1616,1109
1439,1583,1182
1440,1345,917
1441,2219,1532
1442,1519,1104
1443,1741,1259
1444,1820,1257
1445,1565,1060
1446,1960,1304
1447,1185,826
1448,1982,1400
1449,1347,836
1450,2052,1365
1451,1118,762
1452,1380,969
1453,814,588
1454,795,548
1455,750,525
1456,915,644
1457,774,558
1458,532,390
1459,914,677
1460,504,365
1461,593,429
1462,1811,1230
1463,527,411
1464,1605,1080
1465,1705,1241
1466,1691,1204
1467,1569,1038
1468,1364,952
1469,1580,1068
1470,1383,912
1471,1416,1005
1472,1816,1272
1473,1509,981
1474,1367,968
1475,1762,1269
1476,1352,704
1477,1632,1152
1478,1419,1006
1479,1528,1021
1480,2280,1587
1481,1987,1380
1482,1260,872
1483,1031,726
1484,1974,1450
1485,1995,1381
1486,1657,1143
1487,2375,1459
1488,2391,1658
1489,1383,950
1490,1518,1075
1491,1232,839
1492,1020,695
1493,1503,998
1494,1723,1185
1495,1368,888
1496,1414,975
1497,1638,1242
1498,790,562
1499,662,481
1500,1428,973
1501,1420,1034
1502,1723,1301
1503,1589,1105
1504,1621,1110
1505,1510,1017
1506,1636,1118
1507,1670,1213
1508,1420,1008
1509,1571,1110
1510,1423,1040
1511,1554,1048
1512,1331,963
1513,1042,742
1514,1584,1113
1515,1124,838
1516,1037,815
1517,915,663
1518,1815,1313
1519,1186,892
1520,1534,1092
1521,1511,1100
1522,1080,756
1523,1743,1190
1524,1579,1132
1525,844,628
1526,769,546
1527,1479,1106
1528,1277,859
1529,1324,942
1530,1542,1070
1531,1798,1268
1532,1109,786
1533,884,617
1534,1295,917
1535,2014,1473
1536,2018,1481
1537,1954,1302
1538,1775,1165
1539,1384,966
1540,1706,1163
1541,1595,1107
1542,1794,1395
1543,1562,1083
1544,1569,1124
1545,1653,1222
1546,1558,1066
1547,1724,1253
1548,1380,968
1549,1514,1063
1550,1514,1135
1551,1628,1096
1552,1670,1139
1553,1525,1070
1554,4153,2855
1555,3099,2252
1556,3264,2356
1557,3713,2510
1558,1354,953
1559,1107,780
1560,1797,1251
1561,1226,888
1562,1586,1055
1563,1329,875
1564,1287,839
1565,1166,784
1566,1356,931
1567,1344,871
1568,1112,821
1569,1765,1276
1570,1514,1018
1571,3136,2065
1572,1685,1243
1573,1590,1101
1574,1825,1263
1575,2082,1411
1576,1423,935
1577,1970,1338
1578,1616,1119
1579,1482,1058
1580,1364,921
1581,1399,919
1582,1568,1042
1583,1506,1052
1584,1491,924
1585,1568,1098
1586,1774,1211
1587,1297,738
1588,1659,1166
1589,1691,1083
1590,1464,891
1591,1878,1254
1592,1584,1067
1593,1369,979
1594,1549,1046
1595,873,628
1596,362,260
1597,1540,1039
1598,811,592
1599,1784,1293
1600,1230,856
1601,359,276
1602,1147,847
1603,1368,1005
1604,1509,1120
1605,1405,969
1606,1439,1021
1607,1447,996
1608,1502,1096
1609,520,393
1610,1053,788
1611,1365,1012
1612,934,664
1613,1212,798
1614,532,376
1615,1094,797
1616,1676,1177
1617,1116,835
1618,557,396
1619,922,649
1620,424,331
1621,1253,857
1622,1535,1128
1623,520,347
1624,1287,878
1625,1027,760
1626,1396,1008
1627,414,316
1628,1354,994
1629,503,384
1630,964,707
1631,1174,793
1632,386,281
1633,1553,1057
1634,1202,863
1635,1706,1189
1636,1574,1125
1637,1307,884
1638,1557,1127
1639,1210,843
1640,757,525
1641,1339,925
1642,620,513
1643,481,354
1644,721,514
1645,1286,943
1646,548,400
1647,1267,845
1648,1074,787
1649,1440,1006
1650,1405,1024
1651,1388,1003
1652,1516,1129
1653,908,662
1654,1370,995
1655,1586,1150
1656,1495,1075
1657,1292,839
1658,1438,1012
1659,1155,824
1660,1043,713
1661,1282,817
1662,734,544
1663,267,190
1664,789,563
1665,1411,1109
1666,893,626
1667,1209,847
1668,1704,1232
1669,1957,1319
1670,2064,1465
1671,1900,1423
1672,2119,1455
1673,2311,1630
1674,3854,2689
1675,876,648
1676,3840,2731
1677,2788,1921
1678,1850,1307
1679,2276,1617
1680,2461,1771
1681,2646,1885
1682,729,482
1683,1550,1105
1684,945,710
1685,1343,1009
1686,623,483
1687,576,422
1688,679,518
1689,1891,1227
1690,1579,1041
1691,2090,1471
1692,967,737
1693,612,463
1694,2430,1542
1695,1506,1017
1696,892,668
1697,1503,1019
1698,1864,1260
1699,498,344
1700,870,585
1701,1597,1146
1702,539,401
1703,342,273
1704,1348,911
1705,1229,880
1706,1323,976
1707,1381,999
1708,1396,979
1709,2109,1450
1710,1098,778
1711,2418,1686
1712,666,496
1713,1628,1124
1714,1169,918
1715,1414,990
1716,994,714
1717,1820,1313
1718,1696,1278
1719,1400,1013
1720,1362,995
1721,1800,1256
1722,1501,1098
1723,1351,938
1724,1525,1127
1725,668,466
1726,1364,873
1727,2002,1187
1728,3842,2672
1729,2010,1448
1730,3568,2427
1731,1823,1196
1732,1676,1119
1733,1942,1339
1734,2878,2067
1735,1602,1174
1736,1004,712
1737,1525,1129
1738,795,625
1739,1427,1025
1740,1456,1100
1741,1419,965
1742,1360,945
1743,1324,920
1744,1511,1005
1745,713,534
1746,496,379
1747,1343,911
1748,1446,1082
1749,1435,1059
1750,279,201
1751,1442,1036
1752,368,303
1753,946,688
1754,688,426
1755,1107,783
1756,2590,1796
1757,1858,1293
1758,775,589
1759,2248,1508
1760,1492,1009
1761,2562,1827
1762,2634,1932
1763,2723,1864
1764,2434,1724
1765,1634,1147
1766,1274,917
1767,1298,828
1768,1747,1217
1769,1858,1117
1770,1920,1350
1771,1611,1162
1772,1374,951
1773,2253,1650
1774,2537,1808
1775,1993,1470
1776,1480,1102
1777,2107,1545
1778,2684,1783
1779,1509,1071
1780,1470,1069
1781,2002,1539
1782,1621,1161
1783,2300,1511
1784,2171,1497
1785,3082,2070
1786,882,608
1787,465,331
1788,896,688
1789,1271,878
1790,1141,788
1791,1193,833
1792,1501,1072
1793,1706,1244
1794,1891,1250
1795,1808,1302
1796,1845,1310
1797,1835,1303
1798,1325,922
1799,1631,1197
1800,568,404
1801,1667,1243
1802,530,404
1803,744,537
1804,1201,852
1805,599,460
1806,1076,851
1807,753,516
1808,1494,1099
1809,1314,967
1810,1372,987
1811,1489,992
1812,1311,884
1813,1351,903
1814,1600,1169
1815,1576,1094
1816,1463,983
1817,1265,959
1818,1197,804
1819,1278,886
1820,1731,1226
1821,1761,1291
1822,1567,1143
1823,1341,1002
1824,1761,1264
1825,1678,1222
1826,1413,1001
1827,1383,901
1828,1451,1034
1829,1661,1230
1830,1210,742
1831,1660,1108
1832,1547,1049
1833,1241,892
1834,1494,993
1835,1413,930
1836,1629,1110
1837,949,661
1838,1732,1246
1839,1709,1275
1840,1528,1059
1841,1722,1292
1842,1636,1201
1843,842,555
1844,1270,816
1845,1601,1069
1846,1317,945
1847,1441,931
1848,1594,1068
1849,1552,1082
1850,1428,984
1851,1635,1137
1852,1388,883
1853,1452,996
1854,1377,941
1855,1677,1158
1856,1313,808
1857,1598,1058
1858,1670,1203
1859,1920,1424
1860,1739,1194
1861,1630,1141
1862,1982,1400
1863,1976,1251
1864,1893,1339
1865,2074,1472
1866,1827,1333
1867,1064,720
1868,2197,1559
1869,1473,1034
1870,1204,857
1871,1644,1095
1872,1225,828
1873,1283,865
1874,1534,1098
1875,1170,804
1876,1427,976
1877,1423,997
1878,1817,1327
1879,1647,1108
1880,682,479
1881,1042,842
1882,1003,676
1883,1398,984
1884,811,583
1885,981,687
1886,814,591
1887,790,595
1888,1525,1062
1889,600,454
1890,1962,1348
1891,761,542
1892,1061,721
1893,751,552
1894,1772,1248
1895,900,673
1896,1402,976
1897,1709,1177
1898,1589,1134
1899,1412,936
1900,1749,1202
1901,1420,990
1902,1356,745
1903,1547,1076
1904,1589,1006
1905,1505,1025
1906,1996,1327
1907,1117,792
1908,724,534
1909,1679,1238
1910,1134,821
1911,1776,1218
1912,1704,1153
1913,1708,1245
1914,1614,1124
1915,1459,1014
1916,1818,1313
1917,1568,1054
1918,1395,972
1919,1626,1182
1920,1367,884
1921,1514,1044
1922,1607,1110
1923,1633,1174
1924,1555,1093
1925,1409,1002
1926,1622,1167
1927,1352,972
1928,1386,949
1929,1461,903
1930,1552,1111
1931,1577,1106
1932,1408,978
1933,730,526
1934,1386,1032
1935,1149,779
1936,1243,780
1937,552,381
1938,800,543
1939,977,644
1940,2302,1507
1941,916,595
1942,1351,932
1943,1039,709
1944,1143,773
1945,378,287
1946,1293,1007
1947,991,714
1948,655,431
1949,393,276
1950,1172,791
1951,1335,914
1952,804,608
1953,1196,768
1954,675,492
1955,468,340
1956,422,306
1957,1181,727
1958,1161,756
1959,1600,1172
1960,847,596
1961,747,500
1962,1116,791
1963,1520,980
1964,887,550
1965,1238,784
1966,1130,760
1967,551,383
1968,812,581
1969,1027,779
1970,904,615
1971,575,398
1972,2060,1259
1973,515,377
1974,1307,864
1975,1006,709
1976,1126,701
1977,772,571
1978,1658,1127
1979,1345,896
1980,518,424
1981,1011,670
1982,1232,887
1983,465,381
1984,1171,864
1985,733,503
1986,475,313
1987,803,496
1988,1060,829
1989,503,290
1990,1864,1253
1991,808,561
1992,982,652
1993,1412,993
1994,883,609
1995,1822,1278
1996,430,315
1997,1545,1082
1998,1079,784
1999,1416,946
2000,1275,885
2001,971,713
2002,425,305
2003,1416,1027
2004,1180,910
2005,890,642
2006,1343,981
2007,882,583
2008,1286,857
2009,1200,843
2010,1644,1241
2011,1408,1023
2012,1369,975
2013,1341,963
2014,1302,935
2015,600,428
2016,1832,1288
2017,917,699
2018,1007,701
2019,1946,1336
2020,1428,996
2021,1036,722
2022,1284,933
2023,2041,1510
2024,1557,1025
2025,1511,1072
2026,655,494
2027,1903,1283
2028,1207,851
2029,552,387
2030,1643,1078
2031,1352,987
2032,1351,1027
2033,1404,981
2034,2232,1594
2035,501,365
2036,1423,1027
2037,572,401
2038,836,581
2039,1461,1091
2040,1406,978
2041,1015,726
2042,737,519
2043,595,450
2044,1380,969
2045,769,562
2046,1471,888
2047,587,433
2048,1405,997
2049,602,422
2050,1275,957
2051,1127,784
2052,724,492
2053,1371,961
2054,1635,1185
2055,1259,867
2056,1809,1324
2057,1784,1296
2058,1432,1017
2059,1265,908
2060,1416,920
2061,1670,1191
2062,1494,1054
2063,1665,1146
2064,1835,1258
2065,2420,1821
2066,1756,1227
2067,1308,1007
2068,435,332
2069,1396,988
2070,2018,1384
2071,725,498
2072,1464,1065
2073,919,639
2074,1802,1192
2075,2421,1709
2076,1393,1039
2077,1289,855
2078,1459,932
2079,1065,779
2080,1526,1047
2081,907,647
2082,1063,753
2083,1357,955
2084,1380,951
2085,1361,957
2086,1636,1169
2087,694,491
2088,1179,788
2089,1744,1350
2090,1195,827
2091,1654,1150
2092,1402,1012
2093,1477,1025
2094,1145,832
2095,1459,1105
2096,1423,1065
2097,756,529
2098,1567,1154
2099,1664,1158
2100,1125,832
2101,1683,1236
2102,1564,1082
2103,1491,995
2104,1754,1302
2105,1722,1238
2106,750,520
2107,3999,2859
2108,3342,2227
2109,1408,1056
2110,2081,1356
2111,1573,964
2112,2315,1623
2113,753,554
2114,581,393
2115,553,421
2116,472,344
2117,1468,1045
2118,1355,994
2119,1452,1037
2120,338,229
2121,2272,1603
2122,1330,932
2123,1631,986
2124,794,621
2125,915,621
2126,1324,928
2127,2591,1725
2128,1318,876
2129,1156,822
2130,1479,1082
2131,1421,994
2132,1470,1097
2133,391,277
2134,385,298
2135,1296,894
2136,1417,1011
2137,1174,851
2138,1469,1071
2139,1719,1212
2140,1339,928
2141,566,431
2142,1378,978
2143,1742,1245
2144,1484,1033
2145,1875,1347
2146,2448,1796
2147,1155,785
2148,1429,1005
2149,1529,1087
2150,1461,930
2151,1622,1096
2152,1554,1124
2153,1543,938
2154,1466,1021
2155,1378,898
2156,468,346
2157,1359,999
2158,1509,1150
2159,392,298
2160,1466,1098
2161,1348,983
2162,1356,953
2163,862,603
2164,1546,1034
2165,576,434
2166,513,388
2167,1168,835
2168,1442,1022
2169,284,212
2170,2064,1471
2171,898,675
2172,1716,1153
2173,1395,910
2174,592,456
2175,1510,951
2176,1126,844
2177,1720,1267
2178,1454,1038
2179,1669,1174
2180,1510,923
2181,2356,1416
2182,1188,800
2183,2045,1514
2184,1223,846
2185,662,483
2186,811,605
2187,1563,1146
2188,783,576
2189,948,637
2190,1737,1189
2191,463,298
2192,680,520
2193,879,630
2194,1113,787
2195,953,662
2196,1570,1099
2197,716,502
2198,1727,1246
2199,1093,795
2200,1364,973
2201,562,407
2202,1415,1066
2203,1988,1440
2204,1387,925
2205,2090,1455
2206,2002,1415
2207,2045,1412
2208,1301,920
2209,2146,1526
2210,2321,1684
2211,1702,1216
2212,1685,1171
2213,1464,1058
2214,650,441
2215,1200,858
2216,1358,924
2217,1463,1057
2218,1509,948
2219,1443,992
2220,1362,921
2221,1490,932
2222,1377,933
2223,1599,1121
2224,1527,1005
2225,1532,1099
2226,862,588
2227,920,671
2228,1311,903
2229,820,641
2230,1399,1025
2231,736,529
2232,841,614
2233,513,415
2234,519,397
2235,1547,1090
2236,969,678
2237,847,604
2238,536,385
2239,1557,1188
2240,1245,835
2241,1552,1123
2242,548,378
2243,1338,951
2244,552,343
2245,309,224
2246,1363,971
2247,2051,1437
2248,1370,1022
2249,2524,1835
2250,1306,955
2251,1727,1244
2252,1196,873
2253,2353,1700
2254,2869,2060
2255,974,699
2256,912,644
2257,2076,1430
2258,2383,1623
2259,1564,1141
2260,1711,1192
2261,1449,1099
2262,1996,1403
2263,2188,1482
2264,1950,1418
2265,1099,759
2266,2480,1714
2267,1754,1255
2268,1254,844
2269,1045,715
2270,1751,1279
2271,1656,1111
2272,1142,805
2273,1554,1133
2274,1283,879
2275,1964,1333
2276,1494,1034
2277,1687,1209
2278,1539,1096
2279,1571,1053
2280,1651,1075
2281,611,416
2282,2005,1335
2283,1014,723
2284,1201,805
2285,1118,759
2286,432,288
2287,1577,1097
2288,1617,1166
2289,2023,1430
2290,1658,1128
2291,1992,1324
2292,1429,953
2293,1375,924
2294,1476,1058
2295,1278,922
2296,1338,832
2297,1580,985
2298,1414,949
2299,1626,1102
2300,1352,892
2301,1374,881
2302,1712,1186
2303,1729,1215
2304,1609,1087
2305,1323,893
2306,1632,1089
2307,1473,1063
2308,1483,1119
2309,1563,968
2310,1583,1142
2311,897,631
2312,1743,1217
2313,1407,1003
2314,1759,1265
2315,713,499
2316,665,476
2317,967,673
2318,1484,1096
2319,1195,825
2320,503,338
2321,696,565
2322,1680,1261
2323,2134,1539
2324,2231,1492
2325,1661,1197
2326,923,702
2327,928,667
2328,1365,1019
2329,1400,1051
2330,705,537
2331,1879,1364
2332,2006,1520
2333,653,476
2334,1576,1045
2335,1521,1117
2336,986,589
2337,1409,988
2338,635,445
2339,601,450
2340,1241,889
2341,1496,1030
2342,949,673
2343,1029,777
2344,277,208
2345,757,554
2346,1698,1208
2347,1638,1124
2348,1395,963
2349,1424,1074
2350,1396,990
2351,1696,1191
2352,1494,1034
2353,1574,1145
2354,2109,1539
2355,2073,1487
2356,1845,1288
2357,435,345
2358,1436,987
2359,2307,1368
2360,1386,995
2361,575,377
2362,1184,857
2363,1905,1264
2364,1133,722
2365,1096,829
2366,1627,1264
2367,1302,884
2368,1428,1006
2369,1206,787
2370,1974,1369
2371,668,467
2372,1341,953
2373,693,471
2374,1764,1131
2375,1525,1038
2376,847,570
2377,1542,1121
2378,1241,892
2379,1013,659
2380,1441,1040
2381,1384,1001
2382,1339,1006
2383,915,600
2384,1438,934
2385,1595,1069
2386,1578,984
2387,1604,1168
2388,1452,1026
2389,1616,1153
2390,1437,1040
2391,2096,1389
2392,965,723
2393,1202,833
2394,1590,1086
2395,1343,928
2396,1620,1127
2397,1487,1023
2398,1431,998
2399,1224,851
2400,1437,969
2401,1368,991
2402,1234,814
2403,1732,1219
2404,1644,1065
2405,1748,1080
2406,1285,853
2407,1731,1308
2408,1805,1281
2409,928,635
2410,1350,924
2411,1929,1429
2412,1754,1226
2413,1442,1036
2414,1110,731
2415,600,403
2416,1439,947
2417,422,330
2418,335,239
2419,1102,773
2420,1632,1145
2421,1225,867
2422,425,301
2423,1525,1067
2424,1600,1175
2425,1135,843
2426,1523,1145
2427,1377,998
2428,1480,1089
2429,1262,841
2430,1385,990
2431,1126,823
2432,1358,959
2433,1348,1044
2434,1285,980
2435,1860,1253
2436,1663,1085
2437,708,507
2438,872,626
2439,1055,769
2440,746,550
2441,585,449
2442,729,480
2443,680,492
2444,1302,882
2445,711,511
2446,724,473
2447,528,412
2448,1180,797
2449,1168,752
2450,1119,753
2451,1890,1320
2452,1636,1003
2453,1218,845
2454,429,326
2455,1032,720
2456,1251,937
2457,619,451
2458,1235,845
2459,1463,1063
2460,476,344
2461,1022,686
2462,1387,1044
2463,358,244
2464,1334,859
2465,1436,1014
2466,1030,777
2467,611,416
2468,1037,737
2469,1369,1006
2470,1631,1149
2471,501,339
2472,413,293
2473,1347,947
2474,1390,956
2475,1580,998
2476,1281,927
2477,703,441
2478,613,471
2479,1228,885
2480,1495,1070
2481,923,687
2482,1476,1032
2483,1112,839
2484,283,213
2485,1124,806
2486,1408,958
2487,853,613
2488,673,466
2489,574,421
2490,572,409
2491,937,638
2492,605,459
2493,1373,960
2494,704,430
2495,784,583
2496,631,420
2497,1015,694
2498,968,663
2499,579,477
2500,665,447
2501,899,626
2502,1419,948
2503,896,682
2504,978,702
2505,766,564
2506,1876,1415
2507,1228,869
2508,2415,1732
2509,1545,1077
2510,2350,1677
2511,2144,1524
2512,1465,1049
2513,1509,1085
2514,1502,1102
2515,1026,751
2516,725,495
2517,850,608
2518,461,353
2519,1469,1034
2520,682,485
2521,668,529
2522,710,511
2523,1655,1082
2524,1792,1261
2525,734,513
2526,1800,1200
2527,1560,1119
2528,1767,1291
2529,1543,1038
2530,1632,1127
2531,1470,1031
2532,1465,1049
2533,1495,1071
2534,1361,889
2535,1606,1137
2536,1438,962
2537,1631,1235
2538,1584,1111
2539,1467,1025
2540,1552,1046
2541,1406,1024
2542,1183,785
2543,815,572
2544,1276,849
2545,1569,1043
2546,662,468
2547,440,329
2548,732,530
2549,1591,1157
2550,1179,870
2551,1991,1391
2552,1140,779
2553,1015,781
2554,1415,953
2555,1280,882
2556,1130,802
2557,1259,822
2558,1328,947
2559,551,415
2560,1882,1399
2561,1451,1012
2562,2352,1557
2563,1394,1017
2564,2753,2068
2565,1823,1208
2566,1184,896
2567,1641,1115
2568,2197,1516
2569,1401,957
2570,2114,1603
2571,1672,1145
2572,1221,867
2573,912,676
2574,300,218
2575,510,371
2576,1044,706
2577,1806,1214
2578,1624,1179
2579,1170,888
2580,641,481
2581,1891,1241
2582,2837,1999
2583,2375,1684
2584,601,450
2585,1818,1189
2586,1210,826
2587,1269,925
2588,1112,745
2589,1792,1363
2590,2006,1328
2591,1820,1345
2592,1486,1068
2593,1576,970
2594,1619,1162
2595,1686,1244
2596,1607,1091
2597,1652,1124
2598,1498,1011
2599,1460,1057
2600,1220,818
2601,1651,1207
2602,1101,786
2603,1581,1032
2604,407,305
2605,1417,997
2606,821,573
2607,815,590
2608,600,413
2609,2258,1628
2610,877,671
2611,637,498
2612,508,362
2613,1476,1069
2614,2130,1486
2615,1919,1428
2616,686,456
2617,501,310
2618,550,376
2619,831,598
2620,1080,741
2621,1398,1042
2622,1498,1040
2623,756,532
2624,424,318
2625,1363,874
2626,1534,1114
2627,1618,1122
2628,1915,1235
2629,1075,752
2630,700,425
2631,1536,1081
2632,1169,820
2633,687,486
2634,388,279
2635,832,597
2636,1407,885
2637,1094,813
2638,1450,1083
2639,1380,902
2640,733,513
2641,1517,1019
2642,1611,1076
2643,1589,1096
2644,1550,1078
2645,1619,1128
2646,1707,1225
2647,1615,1106
2648,743,549
2649,1658,1190
2650,1664,1205
2651,2299,1676
2652,1900,1337
2653,2520,1796
2654,1807,1354
2655,1520,1130
2656,2195,1497
2657,1370,989
2658,343,254
2659,1766,1244
2660,1383,899
2661,1136,787
2662,1011,727
2663,1070,783
2664,1548,1061
2665,1786,1229
2666,1601,1065
2667,1669,1198
2668,1468,938
2669,1680,1105
2670,1403,894
2671,1350,874
2672,1379,855
2673,1901,1297
2674,2330,1648
2675,2300,1696
2676,2481,1652
2677,2062,1405
2678,1414,1024
2679,591,422
2680,591,426
2681,682,498
2682,1818,1266
2683,832,626
2684,1383,1042
2685,1283,928
2686,1651,1222
2687,1656,1132
2688,1306,867
2689,1579,1006
2690,1219,826
2691,1303,931
2692,449,346
2693,1470,1064
2694,1336,950
2695,1430,1032
2696,1478,1043
2697,1518,1027
2698,1461,1047
2699,1428,997
2700,1352,963
2701,1650,1102
2702,1635,1034
2703,1447,1063
2704,1523,1016
2705,1287,963
2706,1343,944
2707,1078,790
2708,1587,1130
2709,995,723
2710,1623,1020
2711,378,237
2712,1589,1087
2713,434,330
2714,960,654
2715,1618,1118
2716,1159,839
2717,1393,966
2718,1827,1316
2719,1546,1114
2720,587,409
2721,1278,903
2722,1580,1113
2723,1523,1103
2724,1304,942
2725,1674,1172
2726,1211,893
2727,346,264
2728,1845,1252
2729,1916,1293
2730,1427,973
2731,1712,1228
2732,992,682
2733,1130,855
2734,1289,885
2735,1568,1052
2736,1290,881
2737,1481,1017
2738,1070,670
2739,1286,846
2740,1397,977
2741,1602,1111
2742,1622,1112
2743,1631,1107
2744,1502,1034
2745,1742,1218
2746,2012,1338
2747,1453,1009
2748,1857,1312
2749,622,545
2750,564,404
2751,1885,1332
2752,594,490
2753,1185,819
2754,339,260
2755,2094,1438
2756,887,655
2757,856,634
2758,1080,735
2759,1952,1356
2760,831,591
2761,587,421
2762,794,574
2763,541,363
2764,1769,1213
2765,1208,894
2766,1564,1083
2767,2036,1474
2768,2034,1467
2769,1796,1311
2770,1252,833
2771,1867,1414
2772,1245,904
2773,2073,1433
2774,1835,1232
2775,497,402
2776,1040,639
2777,787,552
2778,1188,758
2779,1225,807
2780,1595,1206
2781,737,498
2782,373,284
2783,1136,796
2784,1502,1038
2785,872,574
2786,999,728
2787,1448,1054
2788,717,521
2789,767,563
2790,1583,1155
2791,1838,1315
2792,1821,1344
2793,2681,1989
2794,2667,1905
2795,3243,2243
2796,1260,910
2797,2469,1867
2798,2485,1755
2799,1334,942
2800,1273,875
2801,1261,896
2802,1159,740
2803,2060,1533
2804,2291,1669
2805,2004,1398
2806,1363,943
2807,1331,827
2808,1845,1169
2809,1459,1041
2810,1480,1012
2811,1699,1230
2812,1700,1019
2813,2294,1691
2814,1849,1244
2815,1525,1038
2816,1374,963
2817,2558,1729
2818,1260,841
2819,1514,1141
2820,1727,1226
2821,1466,908
2822,1539,1094
2823,1429,855
2824,1670,1090
2825,1544,1009
2826,1594,1081
2827,1434,957
2828,1548,1107
2829,1675,1250
2830,1375,940
2831,1613,1098
2832,1555,1052
2833,2035,1438
2834,2045,1496
2835,1548,1189
2836,1151,836
2837,483,403
2838,522,402
2839,1237,788
2840,1077,749
2841,1480,1034
2842,815,604
2843,912,642
2844,1010,720
2845,371,269
2846,1614,1134
2847,2097,1295
2848,592,407
2849,558,403
2850,1312,897
2851,1144,807
2852,1459,1007
2853,2050,1395
2854,1559,1103
2855,1523,997
2856,2078,1531
2857,1731,1106
2858,1242,890
2859,890,635
2860,1039,763
2861,1339,1044
2862,1538,1033
2863,1962,1305
2864,1133,781
2865,1094,735
2866,1553,1064
2867,1263,892
2868,1487,1055
2869,1761,1213
2870,1009,711
2871,1012,720
2872,966,679
2873,1158,805
2874,1198,846
2875,1589,1111
2876,1451,982
2877,1546,1037
2878,1347,961
2879,1723,1189
2880,1409,979
2881,1394,947
2882,1146,772
2883,731,482
2884,418,309
2885,395,247
2886,479,330
2887,2468,1773
2888,1316,967
2889,817,644
2890,931,680
2891,1607,1113
2892,1256,864
2893,1563,1149
2894,1055,733
2895,1305,955
2896,1267,832
2897,1301,902
2898,1522,1088
2899,476,354
2900,1404,990
2901,1435,999
2902,334,256
2903,541,397
2904,1714,1261
2905,1424,1029
2906,883,568
2907,1537,1120
2908,1298,913
2909,1855,1379
2910,1834,1316
2911,2410,1683
2912,2039,1360
2913,726,494
2914,1417,926
2915,1534,1004
2916,413,311
2917,984,700
2918,1094,751
2919,1501,1084
2920,1783,1273
2921,1179,830
2922,1675,1166
2923,1401,966
2924,933,691
2925,1415,997
2926,1504,1129
2927,1602,1100
2928,1686,1182
2929,1383,932
2930,1487,970
2931,1700,1187
2932,1443,1024
2933,1505,995
2934,1058,712
2935,2188,1526
2936,2388,1628
2937,1767,1248
2938,1337,940
2939,2223,1594
2940,1766,1277
2941,1499,1069
2942,1891,1279
2943,716,570
2944,738,512
2945,1264,878
2946,2005,1233
2947,244,196
2948,448,307
2949,1894,1345
2950,1390,844
2951,1351,944
2952,2566,1835
2953,1215,879
2954,1594,1083
2955,1344,894
2956,1488,957
2957,1382,895
2958,1600,1102
2959,1718,1259
2960,1460,995
2961,1663,1079
2962,1507,1023
2963,1272,909
2964,1404,970
2965,1339,962
2966,1365,894
2967,1232,883
2968,607,465
2969,1246,880
2970,1381,987
2971,1445,892
2972,1175,858
2973,1236,790
2974,895,603
2975,2105,1465
2976,2235,1679
2977,1742,1266
2978,1952,1416
2979,1154,818
2980,1237,846
2981,1602,1160
2982,1862,1300
2983,1309,931
2984,1499,1007
2985,1276,880
2986,1003,715
2987,1314,881
2988,1065,748
2989,1939,1347
2990,2007,1264
2991,1567,1113
2992,1728,1154
2993,551,412
2994,1541,1074
2995,1365,955
2996,1391,1006
2997,1374,924
2998,1420,930
2999,1464,1093
3000,1480,961
3001,1241,865
3002,2207,1561
3003,1876,1403
3004,1732,1311
3005,1678,1210
3006,1434,1038
3007,1492,1128
3008,1490,978
3009,1297,867
3010,1503,985
3011,1643,1090
3012,1369,999
3013,1623,1082
3014,1540,1029
3015,1942,1267
3016,1169,778
3017,1589,1059
3018,1075,777
3019,1105,771
3020,903,609
3021,1096,806
3022,778,537
3023,1048,699
3024,1030,771
3025,325,232
3026,1744,1241
3027,1185,789
3028,696,506
3029,422,305
3030,1733,1211
3031,1059,764
3032,2027,1463
3033,1751,1245
3034,1416,1108
3035,1578,1098
3036,1548,1111
3037,1498,1024
3038,1544,1004
3039,1607,1121
3040,1005,693
3041,1591,1137
3042,1282,978
3043,1652,1215
3044,1498,1042
3045,1942,1325
3046,1727,1248
3047,1953,1400
3048,1628,1122
3049,1373,1018
3050,1272,900
3051,1854,1380
3052,1957,1329
3053,1290,927
3054,1193,908
3055,2604,1893
3056,1251,852
3057,1834,1324
3058,1331,847
3059,1809,1278
3060,1708,1109
3061,1872,1366
3062,1196,828
3063,1581,1233
3064,1548,1114
3065,1504,1108
3066,1537,1080
3067,1686,1199
3068,339,250
3069,1582,1158
3070,424,327
3071,695,495
3072,753,533
3073,1415,986
3074,1484,980
3075,1431,1000
3076,1391,999
3077,1672,1219
3078,1310,827
3079,1067,781
3080,807,632
3081,743,541
3082,1195,822
3083,630,480
3084,807,541
3085,1733,1243
3086,1157,850
3087,1494,1053
3088,1076,787
3089,1109,688
3090,1086,709
3091,971,635
3092,788,621
3093,753,559
3094,611,384
3095,1543,1083
3096,1921,1215
3097,1188,844
3098,473,366
3099,1920,1330
3100,751,564
3101,1294,865
3102,581,390
3103,1380,948
3104,1189,838
3105,1404,966
3106,2345,1856
3107,1548,1095
3108,1668,1227
3109,1657,1129
3110,1454,1046
3111,1651,1148
3112,1666,1189
3113,1712,1183
3114,1534,1129
3115,753,561
3116,1068,774
3117,1349,969
3118,1665,1211
3119,953,710
3120,1211,842
3121,1305,893
3122,1328,844
3123,1734,1254
3124,1214,878
3125,1370,922
3126,1413,1053
3127,1870,1307
3128,1374,944
3129,2132,1433
3130,1162,844
3131,909,714
3132,1462,998
3133,1444,1020
3134,2017,1417
3135,1227,908
3136,2107,1467
3137,1364,1025
3138,2396,1613
3139,2710,1845
3140,1211,862
3141,785,569
3142,1616,1044
3143,1463,1050
3144,1346,927
3145,1209,801
3146,545,394
3147,753,523
3148,819,583
3149,1335,980
3150,1223,818
3151,343,259
3152,1177,802
3153,1114,760
3154,1430,969
3155,1518,1071
3156,1061,771
3157,1570,1056
3158,1662,1203
3159,734,533
3160,1311,881
3161,471,343
3162,1150,807
3163,1609,1123
3164,1678,1241
3165,2023,1419
3166,1819,1344
3167,2285,1628
3168,1695,1250
3169,1637,1133
3170,1700,1221
3171,1441,1032
3172,1755,1260
3173,2090,1522
3174,1068,744
3175,1542,1009
3176,1302,896
3177,1283,869
3178,1447,973
3179,834,604
3180,1591,963
3181,1345,964
3182,1505,953
3183,1899,1289
3184,2025,1407
3185,2474,1753
3186,1280,911
3187,1655,1193
3188,1561,1066
3189,487,358
3190,676,486
3191,403,301
3192,571,430
3193,862,587
3194,862,619
3195,440,315
3196,1391,898
3197,1594,1178
3198,1184,736
3199,553,401
3200,1521,978
3201,1865,1325
3202,1433,1030
3203,1041,764
3204,1486,1048
3205,1302,822
3206,789,598
3207,1871,1361
3208,1462,1024
3209,452,328
3210,622,443
3211,828,636
3212,790,568
3213,1775,1286
3214,1369,947
3215,801,594
3216,1207,861
3217,1356,945
3218,1384,891
3219,1580,1093
3220,1569,1009
3221,1535,1107
3222,1643,1126
3223,1568,1065
3224,1578,1083
3225,1513,1074
3226,1372,951
3227,1638,1201
3228,1432,1037
3229,1710,1006
3230,1554,1013
3231,1497,1058
3232,1022,712
3233,1606,1083
3234,889,678
3235,593,419
3236,2189,1513
3237,1375,999
3238,1617,1130
3239,2649,1834
3240,439,332
3241,1978,1465
3242,1728,1176
3243,1755,1214
3244,2237,1561
3245,1563,1119
3246,1247,903
3247,1244,962
3248,358,273
3249,1297,848
3250,916,661
3251,1594,1115
3252,1456,1001
3253,326,205
3254,1498,1000
3255,1426,1005
3256,1295,902
3257,1236,855
3258,763,493
3259,871,676
3260,1113,785
3261,1820,1293
3262,1833,1260
3263,1884,1363
3264,1541,1095
3265,1358,976
3266,1502,1061
3267,1430,1034
3268,1369,981
3269,1238,873
3270,2176,1468
3271,1793,1194
3272,1295,979
3273,1415,986
3274,441,319
3275,1583,1109
3276,1823,1355
3277,2100,1434
3278,1438,1048
3279,1381,949
3280,1981,1397
3281,1803,1418
3282,1036,705
3283,1449,1011
3284,1200,766
3285,2741,2041
3286,1457,1072
3287,2037,1474
3288,1992,1439
3289,3805,2878
3290,1802,1342
3291,2257,1626
3292,1722,1202
3293,1749,1309
3294,1248,913
3295,1551,1036
3296,1138,828
3297,1855,1271
3298,772,524
3299,2062,1385
3300,2498,1841
3301,1858,1298
3302,1323,987
3303,2070,1446
3304,1080,812
3305,1419,1003
3306,1207,872
3307,1650,1192
3308,1299,969
3309,1692,1152
3310,1068,756
3311,1058,793
3312,1175,871
3313,1466,1091
3314,1233,898
3315,1087,751
3316,1476,993
3317,1646,1154
3318,920,609
3319,1513,1120
3320,1853,1191
3321,1715,1264
3322,803,588
3323,1703,1221
3324,678,503
3325,1646,1165
3326,1616,1159
3327,1200,851
3328,1690,1135
3329,1362,969
3330,1339,948
3331,1761,1233
3332,1082,779
3333,1192,847
3334,1554,1154
3335,1539,1091
3336,1543,1127
3337,937,644
3338,2047,1450
3339,1671,1159
3340,1457,1016
3341,1293,978
3342,472,342
3343,576,433
3344,777,497
3345,1002,640
3346,828,599
3347,1125,762
3348,568,396
3349,206,139
3350,1436,955
3351,1970,1363
3352,673,490
3353,2085,1499
3354,912,599
3355,1370,967
3356,1594,1086
3357,1607,1137
3358,984,708
3359,2049,1424
3360,2181,1516
3361,774,600
3362,942,661
3363,329,263
3364,861,581
3365,1163,810
3366,1560,1112
3367,1690,1173
3368,411,316
3369,1651,1097
3370,1257,925
3371,253,195
3372,1281,915
3373,1389,971
3374,1466,1056
3375,1297,826
3376,1389,994
3377,1534,1053
3378,1455,1042
3379,2367,1707
3380,1205,863
3381,2084,1361
3382,2436,1657
3383,974,681
3384,1929,1336
3385,1429,1050
3386,1849,1316
3387,1157,831
3388,1600,1093
3389,2487,1804
3390,1543,1072
3391,955,677
3392,1622,1184
3393,311,235
3394,479,371
3395,1603,1137
3396,744,580
3397,986,686
3398,1589,1127
3399,1625,1168
3400,1763,1276
3401,514,341
3402,565,372
3403,799,569
3404,1319,906
3405,1357,943
3406,885,618
3407,2807,1999
3408,1428,1063
3409,1376,895
3410,1712,1243
3411,1353,950
3412,1621,1074
3413,477,342
3414,477,366
3415,1449,1022
3416,503,364
3417,834,574
3418,1480,1072
3419,437,297
3420,1101,735
3421,1341,924
3422,605,420
3423,1134,843
3424,790,573
3425,1353,939
3426,731,514
3427,1230,863
3428,1438,1090
3429,1163,795
3430,1431,1020
3431,1271,896
3432,1390,981
3433,1382,1008
3434,1280,930
3435,1544,1143
3436,1418,843
3437,1178,846
3438,562,360
3439,1820,1319
3440,1687,1240
3441,1229,812
3442,1347,846
3443,1562,1046
3444,1185,837
3445,1171,846
3446,1263,942
3447,957,626
3448,1724,1160
3449,649,461
3450,1579,1051
3451,2843,1899
3452,961,709
3453,1314,936
3454,1910,1293
3455,500,361
3456,970,698
3457,2068,1502
3458,2018,1243
3459,1395,995
3460,1093,784
3461,1964,1336
3462,1059,760
3463,1088,729
3464,1010,716
3465,1329,863
3466,2204,1495
3467,1612,1050
3468,2464,1732
3469,2999,2082
3470,1882,1447
3471,464,353
3472,1334,947
3473,1562,1018
3474,2325,1684
3475,780,497
3476,1870,1324
3477,1731,1282
3478,1726,1245
3479,1455,1020
3480,1387,956
3481,1710,1155
3482,485,348
3483,1152,843
3484,912,672
3485,1268,945
3486,291,209
3487,1372,1011
3488,1641,1218
3489,2300,1626
3490,872,595
3491,1011,732
3492,642,483
3493,575,427
3494,913,492
3495,2205,1523
3496,1183,858
3497,832,567
3498,1360,964
3499,570,439
3500,980,767
3501,645,476
3502,1443,1082
3503,1419,1018
3504,287,201
3505,1311,918
3506,1216,815
3507,862,656
3508,880,599
3509,425,317
3510,479,377
3511,1515,1053
3512,726,534
3513,1007,734
3514,1621,1161
3515,1517,1083
3516,1337,949
3517,1285,993
3518,1066,744
3519,1487,963
3520,1678,1099
3521,1624,1125
3522,1728,1186
3523,1447,1016
3524,1713,1118
3525,1544,1016
3526,1342,865
3527,1587,1195
3528,717,501
3529,2588,1782
3530,1328,1025
3531,1465,1107
3532,2854,1958
3533,1746,1231
3534,584,409
3535,536,430
3536,697,535
3537,1551,1076
3538,1557,1080
3539,541,409
3540,1470,1062
3541,1685,1134
3542,686,505
3543,690,520
3544,1705,1204
3545,1084,755
3546,826,602
3547,622,462
3548,300,218
3549,390,256
3550,420,298
3551,297,204
3552,295,225
3553,387,280
3554,503,382
3555,1370,952
3556,1473,958
3557,2466,1763
3558,917,681
3559,1540,1154
3560,486,372
3561,1091,735
3562,691,469
3563,1184,816
3564,1270,885
3565,608,446
3566,407,299
3567,1514,1018
3568,1261,775
3569,583,470
3570,1039,733
3571,1483,1094
3572,1303,934
3573,2066,1428
3574,1343,918
3575,1674,1191
3576,2556,1751
3577,1376,982
3578,1570,1059
3579,1780,1292
3580,716,481
3581,741,578
3582,659,458
3583,710,480
3584,1031,687
3585,1098,730
3586,1006,665
3587,348,275
3588,366,274
3589,1368,946
3590,1325,921
3591,919,624
3592,1501,987
3593,1465,996
3594,1228,856
3595,423,277
3596,366,288
3597,2441,1657
3598,1773,1288
3599,1113,801
3600,1447,995
3601,2027,1434
3602,2465,1720
3603,1260,834
3604,1651,1195
3605,1851,1241
3606,1090,725
3607,1774,1279
3608,1415,1046
3609,1533,1138
3610,1079,658
3611,1084,744
3612,1712,1190
3613,1734,1189
3614,1532,1063
3615,1553,1051
3616,1945,1430
3617,1032,816
3618,1890,1278
3619,1826,1303
3620,1502,1058
3621,2348,1583
3622,1584,1197
3623,2041,1511
3624,1577,1118
3625,2042,1491
3626,2132,1308
3627,2092,1453
3628,1530,1030
3629,1256,881
3630,1431,1032
3631,1411,969
3632,1852,1236
3633,1356,907
3634,1725,1189
3635,872,609
3636,1275,821
3637,1530,1082
3638,1205,796
3639,695,502
3640,570,399
3641,1758,1259
3642,768,535
3643,1222,818
3644,1778,1216
3645,1433,990
3646,613,455
3647,1815,1290
3648,877,568
3649,1709,1192
3650,1565,1165
3651,1114,779
3652,1791,1142
3653,1313,1085
3654,2560,1747
3655,1116,693
3656,1032,763
3657,1271,838
3658,1290,953
3659,1782,1386
3660,597,442
3661,1457,982
3662,1949,1333
3663,1294,948
3664,2316,1595
3665,1409,969
3666,1941,1381
3667,2052,1397
3668,1437,1001
3669,1443,1014
3670,1608,1144
3671,617,467
3672,387,254
3673,983,691
3674,675,502
3675,365,271
3676,1170,821
3677,456,347
3678,776,543
3679,1670,1179
3680,1585,1193
3681,1455,1019
3682,548,404
3683,1262,879
3684,818,602
3685,466,321
3686,225,173
3687,971,692
3688,626,441
3689,1604,1200
3690,1593,1103
3691,2444,1729
3692,1387,977
3693,1393,921
3694,3202,2274
3695,2548,1800
3696,2077,1478
3697,2229,1611
3698,1103,800
3699,1543,1011
3700,2726,1943
3701,1413,985
3702,2395,1634
3703,1136,788
3704,1220,803
3705,557,402
3706,889,654
3707,1717,1242
3708,1665,1170
3709,884,632
3710,2492,1734
3711,1576,1099
3712,1345,937
3713,1313,964
3714,2686,1768
3715,2691,1818
3716,754,528
3717,1341,967
3718,901,601
3719,1376,881
3720,1238,856
3721,1755,1140
3722,1677,1073
3723,2111,1447
3724,1644,1148
3725,1549,1082
3726,897,647
3727,1533,1127
3728,1819,1215
3729,1306,843
3730,1806,1065
3731,1884,1303
3732,858,581
3733,1539,1167
3734,1118,836
3735,972,700
3736,1316,923
3737,1712,1237
3738,1934,1370
3739,1466,1017
3740,1382,892
3741,1563,986
3742,611,428
3743,2100,1482
3744,2283,1546
3745,2345,1592
3746,1543,1056
3747,2126,1469
3748,709,507
3749,1360,967
3750,1123,824
3751,1855,1327
3752,1743,1172
3753,1777,1239
3754,515,365
3755,1749,1080
3756,922,698
3757,446,319
3758,266,195
3759,1004,691
3760,1717,1197
3761,1173,799
3762,947,634
3763,1739,1161
3764,1310,978
3765,1357,961
3766,1369,916
3767,977,632
3768,1542,1148
3769,1070,731
3770,1200,825
3771,1896,1317
3772,2489,1781
3773,1461,1080
3774,964,699
3775,1106,807
3776,1767,1219
3777,1287,897
3778,1583,1131
3779,659,481
3780,1739,1273
3781,1604,1116
3782,1196,772
3783,1289,867
3784,1273,900
3785,1245,842
3786,1394,900
3787,1175,827
3788,1953,1414
3789,2437,1757
3790,2497,1752
3791,1410,1032
3792,674,515
3793,1570,1020
3794,1361,966
3795,912,657
3796,1539,1051
3797,901,633
3798,1660,1150
3799,920,677
3800,1699,1186
3801,886,727
3802,1921,1389
3803,1888,1292
3804,962,614
3805,812,593
3806,470,346
3807,1131,780
3808,1687,1260
3809,1100,789
3810,1883,1216
3811,926,677
3812,1818,1255
3813,1666,1035
3814,1747,1244
3815,563,424
3816,1122,777
3817,1278,944
3818,1708,1207
3819,500,378
3820,1514,1045
3821,1891,1357
3822,2251,1519
3823,1079,724
3824,1649,1147
3825,1428,979
3826,1739,1203
3827,1687,1191
3828,1786,1237
3829,1030,756
3830,1127,779
3831,1195,939
3832,1466,950
3833,1233,730
3834,1587,1048
3835,696,540
3836,1140,831
3837,2283,1798
3838,490,369
3839,851,597
3840,1435,958
3841,1305,968
3842,2744,1939
3843,1203,865
3844,1334,923
3845,1052,751
3846,788,524
3847,1881,1362
3848,1359,877
3849,1547,1047
3850,2099,1497
3851,1395,970
3852,1328,868
3853,1156,837
3854,1301,926
3855,1460,1079
3856,1516,1061
3857,1330,964
3858,1388,1025
3859,947,682
3860,1068,769
3861,935,737
3862,1423,898
3863,1476,1037
3864,1798,1272
3865,1265,872
3866,1286,872
3867,817,548
3868,1806,1191
3869,1350,868
3870,1527,1144
3871,1487,1047
3872,1090,850
3873,666,495
3874,453,342
3875,1156,864
3876,592,465
3877,742,594
3878,766,538
3879,807,554
3880,1353,1039
3881,1974,1425
3882,2343,1666
3883,1878,1231
3884,1469,1129
3885,983,698
3886,1533,1080
3887,2778,1953
3888,1759,1267
3889,1127,804
3890,1963,1416
3891,1663,1210
3892,1399,964
3893,1419,1012
3894,2008,1493
3895,965,707
3896,686,481
3897,1122,830
3898,694,524
3899,1275,862
3900,1342,964
3901,746,513
3902,902,617
3903,1572,1215
3904,613,450
3905,1425,1050
3906,604,452
3907,1576,1205
3908,639,484
3909,1433,1009
3910,1314,928
3911,1355,939
3912,1381,922
3913,1627,1186
3914,1773,1216
3915,1724,1276
3916,1099,700
3917,910,667
3918,1124,786
3919,540,326
3920,677,490
3921,1377,1035
3922,1301,978
3923,2184,1242
3924,1342,906
3925,748,538
3926,2182,1603
3927,2388,1764
3928,1650,1141
3929,1684,1130
3930,2527,1840
3931,1113,812
3932,1576,981
3933,1309,869
3934,1184,785
3935,2903,2181
3936,1513,1022
3937,1157,781
3938,1150,803
3939,804,594
3940,2055,1414
3941,997,736
3942,1021,725
3943,1081,772
3944,1924,1379
3945,1034,645
3946,1295,846
3947,1320,955
3948,1535,1063
3949,1489,1057
3950,3101,2172
3951,538,420
3952,1117,765
3953,793,572
3954,695,521
3955,755,620
3956,1062,740
3957,1511,1033
3958,644,429
3959,1966,1415
3960,944,670
3961,736,480
3962,1939,1420
3963,954,699
3964,1204,852
3965,1357,985
3966,1991,1471
3967,1259,818
3968,2442,1728
3969,1233,897
3970,2128,1529
3971,1587,1099
3972,1492,1107
3973,1419,964
3974,390,310
3975,1162,805
3976,694,538
3977,1341,944
3978,642,456
3979,1439,1070
3980,390,277
3981,507,377
3982,1010,759
3983,745,591
3984,1282,910
3985,2158,1516
3986,1413,1040
3987,1770,1269
3988,1235,829
3989,1086,732
3990,1263,880
3991,868,684
3992,1231,851
3993,835,542
3994,1151,822
3995,1207,874
3996,1291,796
3997,2032,1384
3998,1371,927
3999,1665,1084
4000,1368,948
4001,1217,920
4002,1066,745
4003,751,529
4004,709,551
4005,1346,931
4006,2209,1611
4007,1157,856
4008,2119,1554
4009,1411,1049
4010,988,658
4011,280,219
4012,1741,1271
4013,1943,1392
4014,1095,784
4015,1733,1170
4016,1822,1240
4017,1406,934
4018,484,382
4019,725,526
4020,1529,1053
4021,1397,974
4022,1279,970
4023,727,548
4024,1017,687
4025,2017,1371
4026,814,581
4027,879,656
4028,879,656
4029,1377,947
4030,1463,1023
4031,765,551
4032,583,435
4033,1080,796
4034,872,618
4035,901,681
4036,842,635
4037,833,614
4038,613,442
4039,736,558
4040,321,195
4041,1951,1403
4042,1826,1272
4043,950,666
4044,1801,1224
4045,1286,946
4046,1501,938
4047,367,286
4048,789,598
4049,1218,776
4050,1061,754
4051,1925,1324
4052,2275,1533
4053,2026,1434
4054,1291,893
4055,1574,1120
4056,1225,877
4057,998,686
4058,1173,816
4059,1019,775
4060,1261,866
4061,1343,938
4062,691,470
4063,831,607
4064,1448,1048
4065,1030,734
4066,1881,1420
4067,1152,841
4068,1049,726
4069,1826,1284
4070,1122,802
4071,1129,829
4072,1382,1016
4073,741,563
4074,468,309
4075,608,417
4076,1567,1102
4077,1760,1216
4078,1015,719
4079,1093,809
4080,867,613
4081,1258,859
4082,998,768
4083,1289,887
4084,539,431
4085,1956,1376
4086,1526,1179
4087,345,258
4088,2119,1502
4089,1693,1180
4090,1371,975
4091,1180,801
4092,1423,971
4093,1444,991
4094,1723,1245
4095,1377,964
4096,1163,847
4097,1975,1351
4098,1278,898
4099,1929,1326
4100,1836,1286
4101,1181,840
4102,1713,1189
4103,2226,1625
4104,2570,1806
4105,1312,922
4106,603,400
4107,644,458
4108,854,624
4109,1316,932
4110,1342,897
4111,1396,980
4112,1711,1107
4113,1480,1049
4114,583,419
4115,1260,966
4116,1645,1035
4117,1350,887
4118,1401,963
4119,1982,1424
4120,493,330
4121,2081,1304
4122,1162,806
4123,1614,1013
4124,1660,1198
4125,1322,924
4126,1436,874
4127,2140,1434
4128,1592,948
4129,1069,770
4130,1706,1188
4131,1965,1343
4132,417,305
4133,724,481
4134,1058,745
4135,1030,751
4136,1977,1396
4137,2164,1647
4138,1843,1335
4139,1857,1373
4140,662,481
4141,1188,850
4142,1369,1031
4143,1734,1262
4144,373,296
4145,2090,1405
4146,1763,1134
4147,1518,1077
4148,1429,823
4149,1580,1189
4150,997,697
4151,908,650
4152,3140,2055
4153,1420,962
4154,1979,1371
4155,1023,778
4156,1438,1030
4157,1166,834
4158,1101,776
4159,799,612
4160,1611,1188
4161,1437,1052
4162,1646,1211
4163,1201,892
4164,2203,1605
4165,421,324
4166,718,557
4167,414,283
4168,1219,866
4169,1077,736
4170,1397,1018
4171,958,668
4172,1205,896
4173,2467,1781
4174,1005,759
4175,1957,1373
4176,1614,1042
4177,1161,810
4178,1636,1072
4179,1389,983
4180,1652,1016
4181,1166,894
4182,1801,1153
4183,1838,1323
4184,1443,1022
4185,1305,919
4186,1924,1304
4187,1939,1307
4188,1452,1142
4189,453,324
4190,2021,1354
4191,862,633
4192,644,478
4193,1582,1007
4194,914,676
4195,560,428
4196,3597,2449
4197,1015,706
4198,2260,1695
4199,1134,686
4200,1741,1216
4201,1789,1118
4202,600,449
4203,2616,1795
4204,1602,1229
4205,599,421
4206,883,595
4207,1997,1393
4208,1520,1026
4209,1264,958
4210,2712,1710
4211,1598,1128
4212,1089,782
4213,1932,1300
4214,1105,782
4215,615,467
4216,2161,1673
4217,826,607
4218,565,404
4219,1621,1105
4220,726,514
4221,1335,917
4222,918,665
4223,1273,965
4224,1150,850
4225,1901,1302
4226,1267,934
4227,1218,941
4228,2022,1450
4229,1839,1331
4230,1470,948
4231,1576,1063
4232,1494,1067
4233,2009,1460
4234,1067,769
4235,3045,1972
4236,1711,1195
4237,1854,1304
4238,2618,1756
4239,2012,1283
4240,1495,966
4241,299,234
4242,652,476
4243,1500,952
4244,1594,1046
4245,1301,853
4246,653,482
4247,1365,983
4248,1334,972
4249,1841,1291
4250,2078,1442
4251,1256,836
4252,1226,841
4253,533,382
4254,783,572
4255,1287,906
4256,1706,1195
4257,1232,910
4258,1896,1321
4259,2218,1417
4260,1617,1068
4261,1256,904
4262,1270,880
4263,2591,1847
4264,1152,877
4265,1556,1036
4266,287,227
4267,298,247
4268,1277,835
4269,1267,863
4270,346,234
4271,295,229
4272,1935,1178
4273,1110,748
4274,869,646
4275,1261,863
4276,1406,1053
4277,1717,1219
4278,1465,1083
4279,1479,1047
4280,1631,1050
4281,1057,663
4282,1553,1036
4283,1645,1199
4284,1433,970
4285,1835,1358
4286,1495,974
4287,1488,981
4288,1304,839
4289,2082,1400
4290,1936,1316
4291,2021,1350
4292,928,688
4293,548,357
4294,550,373
4295,739,521
4296,1020,715
4297,1812,1265
4298,1050,759
4299,1139,803
4300,2470,1730
4301,2579,1710
4302,2042,1400
4303,2415,1547
4304,889,620
4305,1031,730
4306,1515,1046
4307,1175,829
4308,703,475
4309,1022,706
4310,699,479
4311,541,391
4312,1602,1038
4313,1305,897
4314,1019,732
4315,1337,959
4316,1665,1237
4317,1131,808
4318,804,595
4319,1202,852
4320,949,641
4321,1728,1196
4322,800,593
4323,927,616
4324,949,668
4325,943,703
4326,1880,1451
4327,1227,946
4328,2030,1480
4329,2118,1444
4330,1809,1335
4331,1479,982
4332,1222,813
4333,2130,1276
4334,2724,1901
4335,1418,1021
4336,818,580
4337,1607,1125
4338,1220,691
4339,908,616
4340,1365,938
4341,2111,1526
4342,1317,931
4343,1567,988
4344,1560,1134
4345,1039,737
4346,948,655
4347,1855,1213
4348,1053,726
4349,1850,1218
4350,2869,2109
4351,993,725
4352,1241,887
4353,1525,1055
4354,2178,1416
4355,1182,811
4356,1710,1188
4357,312,251
4358,1135,835
4359,1287,951
4360,963,697
4361,644,434
4362,1831,1294
4363,608,462
4364,1377,1001
4365,805,584
4366,954,678
4367,1480,1062
4368,1295,857
4369,893,608
4370,1900,1385
4371,1733,1199
4372,1793,1227
4373,991,727
4374,1383,969
4375,897,693
4376,1395,1026
4377,1713,1239
4378,493,383
4379,1510,1095
4380,899,601
4381,1197,786
4382,1126,808
4383,1202,906
4384,1788,1277
4385,1577,1032
4386,1639,1204
4387,1339,1001
4388,2013,1433
4389,921,672
4390,1910,1375
4391,1200,885
4392,1829,1287
4393,1071,761
4394,1923,1369
4395,917,657
4396,1858,1346
4397,1076,861
4398,522,360
4399,1392,1018
4400,1772,1186
4401,859,650
4402,3068,2175
4403,443,345
4404,2149,1512
4405,1284,925
4406,1781,1255
4407,949,690
4408,1356,988
4409,1664,1196
4410,1414,990
4411,1098,750
4412,1780,1269
4413,727,522
4414,1207,677
4415,1142,775
4416,1726,1103
4417,1042,694
4418,1376,1008
4419,1611,1090
4420,842,561
4421,830,519
4422,2001,1374
4423,811,547
4424,1722,1213
4425,1868,1321
4426,1727,1186
4427,1535,1138
4428,576,403
4429,2191,1639
4430,1699,1224
4431,2802,1886
4432,652,454
4433,623,465
4434,1371,994
4435,405,253
4436,1519,1053
4437,908,628
4438,604,428
4439,1120,776
4440,856,601
4441,1198,848
4442,1454,1001
4443,1233,840
4444,1396,932
4445,1691,1207
4446,1629,1150
4447,511,350
4448,2107,1436
4449,1476,1111
4450,1660,1077
4451,1243,849
4452,1116,785
4453,2028,1337
4454,1602,933
4455,1583,1032
4456,2067,1347
4457,1387,945
4458,1419,1040
4459,1525,1049
4460,599,434
4461,1471,1047
4462,1721,1145
4463,1432,992
4464,613,388
4465,1574,1040
4466,1104,724
4467,4750,3287
4468,1650,1044
4469,1019,652
4470,1258,938
4471,1836,1237
4472,989,728
4473,542,377
4474,1154,802
4475,943,648
4476,2382,1621
4477,378,291
4478,562,389
4479,1188,740
4480,907,610
4481,1131,788
4482,2048,1396
4483,1805,1236
4484,715,586
4485,618,395
4486,533,397
4487,1975,1344
4488,1728,1235
4489,1732,1162
4490,1697,1121
4491,991,733
4492,2077,1427
4493,1715,1215
4494,704,452
4495,970,631
4496,1306,978
4497,2087,1496
4498,2463,1641
4499,1737,1192
4500,1650,1240
4501,1247,885
4502,1870,1365
4503,1755,1283
4504,1830,1156
4505,1548,1111
4506,1437,1046
4507,1301,932
4508,2249,1554
4509,763,575
4510,1592,1135
4511,1150,782
4512,1112,832
4513,1694,1144
4514,1504,958
4515,1114,737
4516,935,646
4517,3166,2329
4518,857,654
4519,1285,842
4520,1179,776
4521,1566,1109
4522,651,497
4523,1733,1213
4524,1500,1078
4525,1458,966
4526,1524,1016
4527,2136,1479
4528,1372,988
4529,1453,1059
4530,1839,1325
4531,1469,1105
4532,907,696
4533,1608,1148
4534,1449,1042
4535,1594,1104
4536,2078,1520
4537,1042,728
4538,754,570
4539,2283,1614
4540,2842,2006
4541,1067,793
4542,1983,1350
4543,2982,2163
4544,866,596
4545,1899,1293
4546,1468,1011
4547,1129,814
4548,1659,1109
4549,1548,1140
4550,1584,1122
4551,1786,1290
4552,2971,2043
4553,1323,967
4554,1760,1227
4555,887,580
4556,1027,672
4557,1965,1399
4558,1864,1349
4559,1825,1301
4560,1017,719
4561,1638,1162
4562,2394,1688
4563,2020,1396
4564,861,665
4565,1313,913
4566,760,539
4567,1330,945
4568,845,636
4569,1666,1166
4570,2352,1600
4571,1992,1394
4572,667,499
4573,1274,896
4574,938,660
4575,1673,1106
4576,815,594
4577,1524,1025
4578,1092,766
4579,1418,950
4580,604,353
4581,783,518
4582,1050,696
4583,1803,1280
4584,2349,1600
4585,2354,1614
4586,719,448
4587,898,623
4588,429,311
4589,741,519
4590,2213,1415
4591,809,637
4592,848,627
4593,1922,1368
4594,658,495
4595,2789,1908
4596,1845,1314
4597,1104,696
4598,327,242
4599,1184,786
4600,848,540
4601,1413,1043
4602,1147,782
4603,1677,1215
4604,935,686
4605,1567,1134
4606,1234,879
4607,680,563
4608,435,328
4609,1746,1206
4610,1072,749
4611,2002,1468
4612,1366,938
4613,2155,1591
4614,1485,1022
4615,1245,851
4616,2339,1619
4617,1985,1399
4618,1359,942
4619,1257,861
4620,1619,1172
4621,2643,1799
4622,991,725
4623,1405,986
4624,1557,1146
4625,1752,1246
4626,1752,1184
4627,792,495
4628,785,466
4629,444,331
4630,1649,1204
4631,1227,879
4632,351,252
4633,1958,1163
4634,2426,1693
4635,1903,1279
4636,1770,1311
4637,1435,1083
4638,1635,1094
4639,2200,1563
4640,2098,1525
4641,1672,1221
4642,1285,965
4643,1692,1146
4644,2344,1585
4645,2334,1642
4646,2369,1709
4647,1537,1121
4648,1123,827
4649,957,659
4650,1409,981
4651,3110,2037
4652,1602,1158
4653,980,729
4654,2334,1630
4655,1467,1037
4656,1412,1038
4657,1492,1100
4658,2006,1441
4659,1609,1218
4660,2176,1494
4661,1151,836
4662,1568,1145
4663,1431,1015
4664,699,496
4665,593,446
4666,1517,1046
4667,1694,1110
4668,914,634
4669,1446,980
4670,813,575
4671,1439,1023
4672,1149,770
4673,2377,1639
4674,1794,1253
4675,1739,1274
4676,1734,1224
4677,1930,1341
4678,2388,1514
4679,1520,1063
4680,1958,1445
4681,1372,921
4682,1573,1122
4683,2455,1692
4684,739,559
4685,1351,987
4686,1366,955
4687,894,635
4688,1673,1219
4689,1327,873
4690,245,187
4691,1156,862
4692,1075,723
4693,1005,747
4694,1061,796
4695,409,328
4696,730,458
4697,1344,975
4698,1800,1214
4699,1571,998
4700,825,579
4701,1592,1191
4702,1782,1255
4703,565,403
4704,1592,1171
4705,1655,1029
4706,1462,993
4707,874,617
4708,1015,747
4709,1343,882
4710,3960,2599
4711,1906,1330
4712,1657,1129
4713,1893,1341
4714,1440,1011
4715,2402,1622
4716,1859,1302
4717,1585,1124
4718,1775,1259
4719,2564,1773
4720,1404,1003
4721,1466,924
4722,1707,1195
4723,588,431
4724,442,288
4725,2012,1399
4726,1075,696
4727,1631,1169
4728,1371,969
4729,1304,903
4730,1274,913
4731,2138,1518
4732,1557,1095
4733,1921,1300
4734,1219,797
4735,1946,1350
4736,1220,861
4737,1017,660
4738,798,570
4739,1131,636
4740,2406,1742
4741,1501,1051
4742,876,604
4743,1010,677
4744,454,355
4745,947,608
4746,863,688
4747,1263,824
4748,1072,751
4749,1222,873
4750,1906,1419
4751,1225,820
4752,1994,1414
4753,1340,932
4754,2960,2157
4755,1698,1216
4756,1956,1297
4757,1720,1231
4758,1910,1378
4759,1698,1163
4760,1647,1192
4761,1532,1110
4762,1745,1225
4763,2120,1518
4764,1740,1174
4765,952,672
4766,837,601
4767,1250,808
4768,751,577
4769,1204,787
4770,1579,1091
4771,924,733
4772,1004,738
4773,612,442
4774,1287,776
4775,1580,1073
4776,595,475
4777,1808,1249
4778,971,710
4779,936,643
4780,1111,796
4781,1055,732
4782,2237,1517
4783,1073,806
4784,1236,922
4785,1291,932
4786,2065,1444
4787,1350,1034
4788,1598,1118
4789,1890,1272
4790,1233,912
4791,1169,875
4792,898,729
4793,395,313
4794,2092,1472
4795,320,228
4796,1374,948
4797,1082,741
4798,2222,1623
4799,1444,1020
4800,691,501
4801,1605,1096
4802,1360,904
4803,467,363
4804,1730,1216
4805,2039,1442
4806,1670,1104
4807,714,522
4808,803,576
4809,1678,1051
4810,1579,1073
4811,1888,1232
4812,1267,920
4813,432,322
4814,949,689
4815,1210,857
4816,840,549
4817,1862,1290
4818,1346,969
4819,1529,1057
4820,2119,1396
4821,1016,719
4822,929,659
4823,1292,864
4824,1653,1220
4825,431,271
4826,1483,971
4827,2045,1447
4828,900,604
4829,1561,1109
4830,1399,974
4831,1008,703
4832,1207,824
4833,778,570
4834,661,461
4835,1877,1163
4836,2594,1884
4837,1468,1064
4838,1348,919
4839,1579,1116
4840,5157,3598
4841,1959,1238
4842,1727,1255
4843,1539,1110
4844,1378,1002
4845,1838,1367
4846,1467,998
4847,1011,661
4848,1476,1053
4849,1369,999
4850,1802,1224
4851,1855,1301
4852,1671,1177
4853,1790,1292
4854,1839,1325
4855,1074,732
4856,727,624
4857,1391,919
4858,932,734
4859,764,529
4860,1015,730
4861,476,344
4862,1366,940
4863,1389,1053
4864,770,632
4865,1674,1167
4866,581,423
4867,1347,906
4868,1068,661
4869,1462,976
4870,2106,1501
4871,647,461
4872,850,601
4873,1120,755
4874,1559,1105
4875,1999,1463
4876,1014,708
4877,1423,1070
4878,2348,1645
4879,1773,1188
4880,1405,1010
4881,1605,1204
4882,1110,794
4883,1842,1300
4884,778,559
4885,995,727
4886,1558,1102
4887,1104,792
4888,1092,737
4889,840,615
4890,1240,800
4891,1367,943
4892,1520,994
4893,2806,1927
4894,684,508
4895,1098,825
4896,930,702
4897,1420,967
4898,1203,884
4899,701,503
4900,1223,819
4901,946,725
4902,1181,859
4903,1176,831
4904,510,387
4905,1407,962
4906,2055,1449
4907,1449,1006
4908,1342,997
4909,394,266
4910,520,375
4911,859,620
4912,1665,1128
4913,861,635
4914,806,588
4915,1727,1208
4916,1343,955
4917,1598,1089
4918,1126,864
4919,1253,903
4920,414,296
4921,1187,755
4922,1397,970
4923,1201,873
4924,1778,1247
4925,910,663
4926,1661,1135
4927,1321,970
4928,1266,903
4929,1111,764
4930,1334,871
4931,1075,800
4932,1257,896
4933,1420,1009
4934,923,643
4935,687,483
4936,1204,859
4937,881,674
4938,1270,963
4939,2031,1376
4940,1454,1013
4941,1698,1112
4942,1275,861
4943,1327,915
4944,1206,798
4945,866,595
4946,1176,754
4947,615,423
4948,1442,932
4949,1592,1153
4950,1499,1109
4951,1336,856
4952,1545,982
4953,1064,763
4954,1439,1031
4955,733,547
4956,1349,868
4957,1095,852
4958,1019,743
4959,1848,1290
4960,1784,1246
4961,1235,799
4962,2110,1445
4963,1728,1173
4964,966,728
4965,1129,758
4966,1189,864
4967,1644,1144
4968,1075,733
4969,1295,956
4970,730,564
4971,1248,847
4972,1018,756
4973,1212,829
4974,1119,770
4975,1343,857
4976,1732,1169
4977,1180,738
4978,1024,733
4979,1229,917
4980,2087,1615
4981,1934,1453
4982,1452,972
4983,769,606
4984,1774,1195
4985,1303,939
4986,1138,810
4987,3237,2252
4988,1271,974
4989,1229,850
4990,680,523
4991,1071,824
4992,833,544
4993,536,382
4994,1369,941
4995,1345,894
4996,1199,717
4997,1029,751
4998,1810,1378
4999,556,387
5000,3757,2669
5001,950,725
5002,1555,891
5003,849,551
5004,1121,755
5005,627,409
5006,1388,971
5007,1057,777
5008,890,584
5009,1537,1055
5010,658,455
5011,791,537
5012,954,701
5013,1318,922
5014,1426,1027
5015,2153,1515
5016,1833,1282
5017,856,655
5018,1837,1331
